,ParkName,Rank,Value,PercentOfTotal,State,Region,NPS Fee Acres,NPS Less Than Fee Acres,Other Federal Fee Acres,Subtotal Federal Acres,Other Public Acres,Private Acres,Subtotal Non-Federal Acres,Gross Area Acres,Unnamed: 0,latitude,longitude
0,GOLDEN GATE NRA,1,"15,638,777",4.73%,CA,PW,34742.86,24.55,324.97,35092.38,44382.21,2552.27,46934.48,82026.86,138,37.8480359,-122.5295263
1,BLUE RIDGE PKWY,2,"15,175,578",4.59%,NC-VA,NT,85425.79,2775.57,125.0,88326.36,259.58,10188.1,10447.68,98774.04,5,37.1199734,-80.12914119999998
2,GATEWAY NRA,5,"8,651,770",2.61%,NJ-NY,NE,20164.67,1.63,279.24,20445.54,5558.9,602.19,6161.09,26606.63,143,40.439669,-73.9887047
3,LINCOLN MEMORIAL,6,"7,915,934",2.39%,DC,NC,7.29,0.0,0.0,7.29,0.0,0.0,0.0,7.29,46,38.8892686,-77.05017600000001
4,LAKE MEAD NRA,7,"7,175,891",2.17%,AZ-NV,PW,1392721.19,41.31,78230.76,1470993.26,2444.75,22367.52,24812.27,1495805.53,63,36.155086299999994,-114.4559303
5,GRAND CANYON NP,8,"5,969,811",1.80%,AZ,IM,1180650.85,0.0,0.0,1180650.85,11860.0,9136.18,20996.18,1201647.03,71,36.1069652,-112.11299720000001
6,NATCHEZ TRACE PKWY,9,"5,891,315",1.78%,TN-MS-AL,SE,46320.02,5887.28,0.0,52207.3,34.54,60.16,94.7,52302.0,167,33.76686420000001,-89.01875109999999
7,VIETNAM VETERANS MEM,10,"5,299,713",1.60%,DC,NC,2.18,0.0,0.0,2.18,0.0,0.0,0.0,2.18,64,38.891293299999994,-77.04771319999998
8,INDEPENDENCE NHP,11,"5,067,510",1.53%,PA,NE,33.27,0.6,0.0,33.87,4.95,6.03,10.98,44.85,174,39.9495312,-75.14973189999998
9,YOSEMITE NP,12,"5,028,868",1.52%,CA,PW,759690.11,10.83,319.11,760020.05,1502.7,224.75,1727.45,761747.5,70,37.8651011,-119.5383294
10,CASTLE CLINTON NM,15,"4,812,930",1.45%,NY,NE,1.0,0.0,0.0,1.0,0.0,0.0,0.0,1.0,11,40.7034401,-74.0168023
11,GULF ISLANDS NS,16,"4,771,309",1.44%,FL-MS,SE,95223.93,2.09,4553.25,99779.27,37807.56,718.69,38526.25,138305.52,178,30.391851399999997,-88.791067
12,CAPE COD NS,17,"4,692,796",1.42%,MA,NE,27113.49,403.64,31.86,27548.99,14556.22,1503.22,16059.44,43608.43,211,41.904347200000004,-69.9789243
13,STATUE OF LIBERTY NM,19,"4,501,547",1.36%,NY-NJ,NE,58.38,0.0,0.0,58.38,0.0,0.0,0.0,58.38,168,40.6892494,-74.04450039999998
14,ZION NP,22,"4,295,127",1.30%,UT,IM,143747.65,0.0,0.0,143747.65,5.13,3484.24,3489.37,147237.02,128,37.298202200000006,-113.02630049999999
15,YELLOWSTONE NP,23,"4,257,177",1.29%,ID-MT-WY,IM,2219789.13,0.0,0.0,2219789.13,0.0,1.58,1.58,2219790.71,206,44.427963,-110.58845500000001
16,THOMAS JEFFERSON MEM,27,"3,414,345",1.03%,DC,NC,18.36,0.0,0.0,18.36,0.0,0.0,0.0,18.36,161,38.88138060000001,-77.0364536
17,OLYMPIC NP,28,"3,390,221",1.02%,WA,PW,913387.17,64.88,100.0,913552.05,8749.47,348.58,9098.05,922650.1,97,47.8021067,-123.6043524
18,COLONIAL NHP,29,"3,352,656",1.01%,VA,NE,8048.82,556.47,0.0,8605.29,68.83,2.79,71.62,8676.91,41,37.229133700000006,-76.50390329999998
19,ACADIA NP,30,"3,303,393",1.00%,ME,NE,37415.54,10695.4,21.77,48132.71,48.22,876.43,924.65,49057.36,21,44.3385559,-68.27333459999998
20,GRAND TETON NP,31,"3,270,076",0.99%,WY,IM,272837.32,8.85,34984.62,307830.79,1293.34,919.83,2213.17,310043.96,6,43.7904282,-110.68176270000001
21,GLEN CANYON NRA,32,"3,239,525",0.98%,AZ-UT,IM,1238621.99,0.0,1141.85,1239763.84,14352.78,0.0,14352.78,1254116.62,3,37.3867256,-110.84242569999999
22,GLACIER NP,33,"2,946,681",0.89%,MT,IM,1012845.75,54.34,0.0,1012900.09,2.51,226.34,228.85,1013128.94,177,48.7596128,-113.7870225
23,BOSTON NHP,35,"2,594,495",0.78%,MA,NE,37.96,0.0,0.0,37.96,5.09,0.77,5.86,43.82,176,42.373162,-71.056834
24,JOSHUA TREE NP,36,"2,505,286",0.76%,CA,PW,779163.11,0.0,25.4,779188.51,2572.74,8874.49,11447.23,790635.74,154,33.873415,-115.9009923
25,ROCK CREEK PARK,37,"2,478,735",0.75%,DC,NC,1755.21,0.0,0.0,1755.21,0.0,0.0,0.0,1755.21,50,38.937563899999994,-77.0479223
26,POINT REYES NS,38,"2,438,442",0.74%,CA,PW,64856.5,42.98,334.87,65234.35,2696.98,3124.08,5821.06,71055.41,157,38.0722909,-122.881743
27,VALLEY FORGE NHP,40,"2,428,724",0.73%,PA,NE,3145.73,29.13,0.0,3174.86,218.03,74.81,292.84,3467.7,217,40.1017506,-75.446922
28,CUYAHOGA VALLEY NP,41,"2,423,390",0.73%,OH,MW,19053.48,1453.67,0.0,20507.15,8456.92,3608.28,12065.2,32572.35,69,41.2808248,-81.56781199999998
29,CAPE HATTERAS NS,42,"2,411,711",0.73%,NC,SE,24470.1,0.0,5880.0,30350.1,0.0,0.55,0.55,30350.65,186,35.2426424,-75.5392755
30,BRYCE CANYON NP,43,"2,365,110",0.71%,UT,IM,35832.58,0.0,0.0,35832.58,0.0,2.5,2.5,35835.08,1,37.593037700000004,-112.1870895
31,ASSATEAGUE ISLAND NS,45,"2,267,821",0.69%,MD-VA 2/,NE,8983.42,102.16,9842.69,18928.27,22389.33,28.9,22418.23,41346.5,101,38.0607973,-75.2362382
32,HAWAII VOLCANOES NP,47,"1,887,580",0.57%,HI,PW,323431.38,0.0,0.0,323431.38,0.0,0.0,0.0,323431.38,52,19.419369699999997,-155.2884969
33,SLEEPING BEAR DUNES NL,52,"1,683,553",0.51%,MI,MW,57011.72,663.61,1.85,57677.18,12067.29,1460.59,13527.88,71205.06,187,44.8734043,-86.0466574
34,CHICKASAW NRA,53,"1,676,421",0.51%,OK,IM,9695.79,9.2,189.14,9894.13,4.5,0.0,4.5,9898.63,90,34.461543299999995,-97.0064043
35,CANAVERAL NS,54,"1,629,944",0.49%,FL,SE,17735.69,0.0,39912.0,57647.69,0.0,14.0,14.0,57661.69,164,28.789536,-80.75637540000001
36,ARCHES NP,55,"1,585,718",0.48%,UT,IM,76545.95,0.0,0.0,76545.95,133.03,0.0,133.03,76678.98,159,38.733081,-109.5925139
37,HOT SPRINGS NP,56,"1,544,300",0.47%,AR,MW,4998.1,0.0,0.0,4998.1,333.89,217.11,551.0,5549.1,57,34.521691499999996,-93.0423545
38,SAN JUAN NHS,57,"1,456,553",0.44%,PR,SE,53.2,0.0,0.0,53.2,21.93,0.0,21.93,75.13,193,18.4686841,-66.1207495
39,SHENANDOAH NP,58,"1,437,341",0.43%,VA,NE,197536.49,818.31,0.0,198354.8,72.11,768.36,840.47,199195.27,135,38.29275579999999,-78.67958359999999
40,SAN ANTONIO MISSIONS NHP,60,"1,358,911",0.41%,TX,IM,463.3,69.68,0.0,532.98,267.43,147.32,414.75,947.73,72,29.361157000000002,-98.478431
41,DEATH VALLEY NP,62,"1,296,283",0.39%,CA-NV,PW,3320765.33,0.0,393.99,3321159.32,42187.93,9715.89,51903.82,3373063.14,126,36.5053891,-117.0794078
42,HALEAKALA NP,64,"1,263,558",0.38%,HI,PW,33264.47,0.0,0.0,33264.47,0.15,0.0,0.15,33264.62,89,20.7096921,-156.25351469999998
43,SEQUOIA NP,65,"1,254,688",0.38%,CA,PW,403893.31,15.36,0.0,403908.67,0.0,153.96,153.96,404062.63,77,36.48636679999999,-118.56575159999998
44,LAKE ROOSEVELT NRA,66,"1,253,571",0.38%,WA 1/,PW,331.31,0.0,100059.0,100390.31,0.0,0.0,0.0,100390.31,229,48.1011309,-118.24663899999999
45,AMISTAD NRA,70,"1,164,530",0.35%,TX,IM,57292.44,0.0,0.0,57292.44,0.0,1207.56,1207.56,58500.0,48,29.495577500000003,-100.99526850000001
46,MUIR WOODS NM,72,"1,123,121",0.34%,CA,PW,522.98,0.0,0.0,522.98,30.57,0.0,30.57,553.55,120,37.8970199,-122.58111770000001
47,GETTYSBURG NMP,75,"1,091,320",0.33%,PA,NE,4569.88,590.81,0.01,5160.7,43.21,828.63,871.84,6032.54,25,39.813249400000004,-77.23373199999999
48,CAPITOL REEF NP,76,"1,064,904",0.32%,UT,IM,241234.29,0.0,0.0,241234.29,669.97,0.0,669.97,241904.26,85,38.3669703,-111.26150420000002
49,MINUTE MAN NHP,78,"1,049,414",0.32%,MA,NE,787.69,7.47,6.78,801.94,125.53,100.29,225.82,1027.76,103,42.457997799999994,-71.32152049999998
50,LAKE MEREDITH NRA,80,"1,025,613",0.31%,TX,IM,43964.63,0.0,1013.0,44977.63,0.0,0.0,0.0,44977.63,87,35.6438165,-101.58630579999999
51,BADLANDS NP,81,"996,263",0.30%,SD,MW,111487.63,122321.5,0.0,233809.13,39.24,8907.57,8946.81,242755.94,133,43.8553804,-102.3396912
52,CURECANTI NRA,83,"982,498",0.30%,CO 1/,IM,1122.3,1.38,41971.04,43094.72,0.0,0.0,0.0,43094.72,51,38.465746100000004,-107.1666799
53,CABRILLO NM,85,"959,145",0.29%,CA,PW,159.94,0.0,0.0,159.94,0.0,0.0,0.0,159.94,209,32.673542600000005,-117.24251909999998
54,EVERGLADES NP,86,"930,907",0.28%,FL 6/,SE,1400253.48,0.0,0.0,1400253.48,0.0,285.82,285.82,1400539.3,83,25.2866155,-80.89865089999998
55,ROSS LAKE NRA,89,"905,418",0.27%,WA,PW,115959.59,0.0,0.0,115959.59,1609.37,5.63,1615.0,117574.59,13,48.69987329999999,-121.01983659999999
56,CEDAR BREAKS NM,90,"899,676",0.27%,UT,IM,6154.6,0.0,0.0,6154.6,0.0,0.0,0.0,6154.6,94,37.6359544,-112.84502479999999
57,CASTILLO DE SAN MARCOS NM,93,"854,664",0.26%,FL,SE,19.31,0.0,0.0,19.31,0.06,0.01,0.07,19.38,166,29.89786179999999,-81.31151870000002
58,CANYON DE CHELLY NM,94,"821,406",0.25%,AZ,IM,0.0,0.0,0.0,0.0,0.0,83840.0,83840.0,83840.0,173,36.1336111,-109.46944440000001
59,SAGUARO NP,95,"820,426",0.25%,AZ,IM,87826.51,13.64,0.0,87840.15,3009.67,865.9,3875.57,91715.72,7,32.2967359,-111.166615
60,CUMBERLAND GAP NHP,96,"820,387",0.25%,KY-TN-VA,SE,24344.95,185.61,0.0,24530.56,10.06,6.21,16.27,24546.83,62,36.6039715,-83.67296999999999
61,PICTURED ROCKS NL,97,"777,428",0.23%,MI,MW,35705.86,21.3,44.16,35771.32,13939.75,23524.76,37464.51,73235.83,14,46.56143839999999,-86.3213064
62,CANYONLANDS NP,98,"776,218",0.23%,UT,IM,337269.4,301.03,0.0,337570.43,27.4,0.0,27.4,337597.83,185,38.3268693,-109.87825919999999
63,CRATER LAKE NP,99,"756,344",0.23%,OR,PW,183223.77,0.0,0.0,183223.77,0.0,0.28,0.28,183224.05,112,42.868441100000005,-122.16847849999999
64,SAINT CROIX NSR,101,"708,258",0.21%,MN-WI,MW,20355.16,11057.45,804.44,32217.05,30716.34,4533.24,35249.58,67466.63,175,45.416208700000006,-92.6467858
65,FORD'S THEATRE NHS,103,"650,779",0.20%,DC,NC,0.3,0.0,0.0,0.3,0.0,0.0,0.0,0.3,54,38.89667,-77.0256687
66,PETRIFIED FOREST NP,104,"643,274",0.19%,AZ,IM,146930.01,0.0,0.0,146930.01,35900.69,38585.07,74485.76,221415.77,18,34.909989700000004,-109.8067916
67,PADRE ISLAND NS,105,"634,012",0.19%,TX,IM,130355.46,0.0,0.0,130355.46,78.81,0.0,78.81,130434.27,36,27.4241558,-97.2991836
68,WIND CAVE NP,106,"617,377",0.19%,SD,MW,33970.84,0.0,0.0,33970.84,0.0,0.0,0.0,33970.84,145,43.6045811,-103.42134329999999
69,WHITE HOUSE,107,"611,207",0.18%,DC,NC,18.07,0.0,0.0,18.07,0.0,0.0,0.0,18.07,153,38.8976763,-77.0365298
70,KINGS CANYON NP,109,"607,479",0.18%,CA,PW,461846.05,0.0,0.0,461846.05,0.0,55.15,55.15,461901.2,212,36.88785479999999,-118.55514769999999
71,MAMMOTH CAVE NP,111,"586,514",0.18%,KY,SE,52003.24,0.0,0.0,52003.24,814.75,12.2,826.95,52830.19,28,37.18699779999999,-86.100528
72,MESA VERDE NP,113,"583,527",0.18%,CO,IM,52253.29,0.0,0.0,52253.29,41.01,190.87,231.88,52485.17,68,37.2308729,-108.4618335
73,WHITE SANDS NM,116,"555,793",0.17%,NM,IM,141209.24,0.0,2524.01,143733.25,0.0,0.0,0.0,143733.25,140,32.3823687,-106.49065259999999
74,LOWELL NHP,117,"541,825",0.16%,MA,NE,10.62,21.04,0.0,31.66,4.46,105.17,109.63,141.29,221,42.6472093,-71.30956239999998
75,REDWOOD NP,118,"536,297",0.16%,CA,PW,77715.18,29.36,1.92,77746.46,61101.92,150.99,61252.91,138999.37,8,41.213178799999994,-124.00462749999998
76,LASSEN VOLCANIC NP,119,"536,068",0.16%,CA,PW,106448.11,0.0,0.0,106448.11,0.0,140.91,140.91,106589.02,2,40.497659999999996,-121.42065520000001
77,MANASSAS NBP,120,"534,835",0.16%,VA,NC,4400.73,21.52,0.0,4422.25,0.0,650.38,650.38,5072.63,15,38.8134115,-77.52216779999998
78,GOVERNORS ISLAND NM,121,"522,859",0.16%,NY,NE,22.4,0.01,0.0,22.41,0.0,0.5,0.5,22.91,27,40.691987899999994,-74.01599499999998
79,BISCAYNE NP,123,"514,709",0.16%,FL,SE,171021.23,0.0,26.13,171047.36,1563.9,359.85,1923.75,172971.11,95,25.4824229,-80.20831030000002
80,VICKSBURG NMP,124,"508,914",0.15%,MS-LA,SE,1747.68,-0.95,0.0,1746.73,4.84,50.61,55.45,1802.18,22,32.3548532,-90.8452588
81,DEVILS TOWER NM,125,"496,210",0.15%,WY,IM,1346.91,0.0,0.0,1346.91,0.0,0.3,0.3,1347.21,117,44.5902098,-104.7146168
82,WAR IN THE PACIFIC NHP,126,"488,988",0.15%,GUAM,PW,957.52,0.0,0.73,958.25,871.96,200.44,1072.4,2030.65,58,13.4737049,144.7090803
83,CARLSBAD CAVERNS NP,128,"466,773",0.14%,NM,IM,46427.26,0.0,0.0,46427.26,0.0,339.19,339.19,46766.45,73,32.1478553,-104.5567138
84,WRIGHT BROTHERS NMEM,130,"458,776",0.14%,NC,SE,421.81,0.0,0.0,421.81,6.63,0.0,6.63,428.44,214,36.017318700000004,-75.6692094
85,CAPE LOOKOUT NS,131,"458,000",0.14%,NC,SE,13915.7,11243.4,14.52,25173.62,3048.16,21.58,3069.74,28243.36,106,34.6227474,-76.52462070000001
86,FIRE ISLAND NS,134,"431,303",0.13%,NY,NE,3090.44,3151.51,0.0,6241.95,12422.73,915.74,13338.47,19580.42,115,40.6553691,-73.10343069999998
87,SHILOH NMP,135,"421,862",0.13%,TN-MS,SE,5047.96,0.01,0.0,5047.97,958.76,1914.79,2873.55,7921.52,144,35.142936999999996,-88.34084990000001
88,VIRGIN ISLANDS NP,138,"411,343",0.12%,VI,SE,13101.98,3.0,0.0,13104.98,133.48,1710.0,1843.48,14948.46,113,18.3424047,-64.74857589999999
89,MONTEZUMA CASTLE NM,139,"392,168",0.12%,AZ,IM,998.69,0.0,0.0,998.69,0.0,16.83,16.83,1015.52,12,34.6115755,-111.83498540000001
90,COLORADO NM,140,"391,075",0.12%,CO,IM,20536.39,0.0,0.0,20536.39,0.0,0.0,0.0,20536.39,93,39.0575219,-108.6938999
91,BIG BEND NP,142,"388,290",0.12%,TX,IM,775273.38,0.0,0.0,775273.38,2606.87,23282.96,25889.83,801163.21,102,29.1274869,-103.2425379
92,VANDERBILT MANSION NHS,143,"387,856",0.12%,NY,NE,211.65,0.0,0.0,211.65,0.0,0.0,0.0,211.65,9,41.7963461,-73.9423869
93,SALEM MARITIME NHS,145,"371,989",0.11%,MA,NE,8.93,0.0,0.0,8.93,0.0,0.09,0.09,9.02,78,42.521316299999995,-70.8866429
94,CHANNEL ISLANDS NP,146,"364,807",0.11%,CA,PW,69425.66,0.0,9592.96,79018.62,124554.15,45988.23,170542.38,249561.0,88,33.996073700000004,-119.7691632
95,ANTIETAM NB,147,"351,911",0.11%,MD,NC,1937.09,805.68,0.0,2742.77,20.98,466.63,487.61,3230.38,231,39.46874520000001,-77.7387923
96,KENAI FJORDS NP,148,"346,534",0.10%,AK,A,603129.86,0.0,0.0,603129.86,19302.0,47218.19,66520.19,669650.05,129,59.69222219999999,-150.6155555
97,STONES RIVER NB,149,"346,213",0.10%,TN,SE,649.15,0.0,0.0,649.15,13.07,47.24,60.31,709.46,205,35.8731131,-86.43468999999997
98,HARPERS FERRY NHP,152,"335,691",0.10%,MD-VA-WV,NC,3154.77,53.67,338.97,3547.41,59.1,49.71,108.81,3656.22,107,39.3228225,-77.72920719999998
99,SAN JUAN ISLAND NHP,155,"316,122",0.10%,WA,PW,2114.52,0.0,0.0,2114.52,26.54,4.5,31.04,2145.56,169,48.4550358,-122.97730659999999
100,FEDERAL HALL NMEM,156,"314,531",0.10%,NY,NE,0.45,0.0,0.0,0.45,0.0,0.0,0.0,0.45,216,40.7073993,-74.0102088
101,DINOSAUR NM,157,"304,312",0.09%,CO-UT,IM,203097.93,2667.58,0.0,205765.51,50.96,4465.45,4516.41,210281.92,59,40.4927109,-108.9416357
102,BIGHORN CANYON NRA,165,"259,485",0.08%,MT-WY,IM,47986.04,889.89,19614.94,68490.87,1392.29,50413.06,51805.35,120296.22,61,45.3109005,-107.9359118
103,WASHINGTON MONUMENT,169,"252,677",0.08%,DC,NC,101.01,0.0,5.0,106.01,0.0,0.0,0.0,106.01,82,38.8894838,-77.0352791
104,MORRISTOWN NHP,170,"252,514",0.08%,NJ,NE,1704.74,0.95,0.0,1705.69,0.0,5.03,5.03,1710.72,111,40.7648452,-74.53168070000001
105,VOYAGEURS NP,172,"241,912",0.07%,MN,MW,133108.69,0.0,139.03,133247.72,83903.18,1049.25,84952.43,218200.15,125,48.4840955,-92.8270873
106,NEZ PERCE NHP,173,"239,908",0.07%,MT-ID-OR-WA,PW,1968.18,1885.33,5.12,3858.63,261.2,445.1,706.3,4564.93,139,46.4475305,-116.8227368
107,LINCOLN HOME NHS,174,"239,719",0.07%,IL,MW,12.03,0.0,0.0,12.03,0.0,0.21,0.21,12.24,92,39.7973533,-89.64492539999998
108,ORGAN PIPE CACTUS NM,176,"234,186",0.07%,AZ,IM,329114.5,24.42,226.37,329365.29,1280.0,43.57,1323.57,330688.86,223,32.087759600000005,-112.90588020000001
109,DE SOTO NMEM,177,"232,463",0.07%,FL,SE,24.78,0.0,0.0,24.78,0.0,5.22,5.22,30.0,37,27.5222794,-82.6445936
110,WUPATKI NM,180,"223,172",0.07%,AZ,IM,35401.73,20.4,0.0,35422.13,0.0,0.0,0.0,35422.13,152,35.5584745,-111.375095
111,SITKA NHP,182,"217,141",0.07%,AK,A,58.22,0.0,0.0,58.22,54.63,3.44,58.07,116.29,218,57.0489056,-135.3159583
112,PINNACLES NP,183,"215,555",0.07%,CA,PW,26674.6,0.31,0.0,26674.91,0.0,10.82,10.82,26685.73,226,36.4905655,-121.18249250000001
113,COWPENS NB,184,"213,299",0.06%,SC,SE,790.9,0.0,0.0,790.9,46.63,4.03,50.66,841.56,74,35.1367361,-81.8181625
114,RICHMOND NBP,186,"208,969",0.06%,VA,NE,3588.54,22.43,1.42,3612.39,2.7,4554.6,4557.3,8169.69,219,37.535554,-77.44578100000001
115,NATCHEZ NHP,187,"204,120",0.06%,MS,SE,85.98,0.0,0.0,85.98,5.02,17.3,22.32,108.3,194,31.559982,-91.405937
116,RIVER RAISIN NBP,188,"202,375",0.06%,MI,MW,42.18,0.0,0.0,42.18,0.0,0.0,0.0,42.18,35,41.9112005,-83.37672649999998
117,ADAMS NHP,189,"199,301",0.06%,MA,NE,9.17,0.0,0.0,9.17,4.0,10.65,14.65,23.82,230,42.25235319999999,-71.00398220000001
118,BANDELIER NM,190,"198,478",0.06%,NM,IM,33654.44,0.0,0.0,33654.44,0.0,22.23,22.23,33676.67,40,35.7646658,-106.3228338
119,PETERSBURG NB,194,"191,898",0.06%,VA,NE,2656.14,0.12,1.17,2657.43,0.0,82.29,82.29,2739.72,118,37.2438545,-77.3568983
120,APOSTLE ISLANDS NL,197,"183,796",0.06%,WI,MW,42160.7,0.0,0.0,42160.7,27216.73,0.0,27216.73,69377.43,213,46.9302046,-90.6333321
121,PATERSON GREAT FALLS NHP,200,"177,498",0.05%,NJ,NE,0.39,0.0,0.0,0.39,50.47,0.46,50.93,51.32,96,40.9172641,-74.18118919999998
122,EL MALPAIS NM,204,"157,440",0.05%,NM,IM,109946.76,0.0,0.0,109946.76,435.61,3964.74,4400.35,114347.11,208,34.9002575,-107.9942365
123,JOHNSTOWN FLOOD NMEM,205,"154,931",0.05%,PA,NE,167.42,1.24,0.0,168.66,5.55,3.55,9.1,177.76,220,40.328007899999996,-78.92043840000001
124,WALNUT CANYON NM,206,"152,444",0.05%,AZ,IM,3251.42,0.0,0.0,3251.42,0.0,277.84,277.84,3529.26,110,35.1717266,-111.50927539999999
125,HERBERT HOOVER NHS,207,"152,382",0.05%,IA,MW,181.11,0.0,0.0,181.11,4.59,1.1,5.69,186.8,134,41.6689744,-91.3477571
126,CHAMIZAL NMEM,209,"147,937",0.04%,TX,IM,54.9,0.0,0.0,54.9,0.0,0.0,0.0,54.9,132,31.767143800000003,-106.4542166
127,GREAT BASIN NP,211,"144,846",0.04%,NV,PW,77180.0,0.0,0.0,77180.0,0.0,0.0,0.0,77180.0,44,38.98333299999999,-114.3
128,CONGAREE NP,212,"143,843",0.04%,SC,SE,26020.66,0.0,0.0,26020.66,0.0,255.16,255.16,26275.82,119,33.794800099999996,-80.78209620000001
129,GREENBELT PARK,216,"137,900",0.04%,MD,NC,1105.79,0.0,0.0,1105.79,58.3,11.33,69.63,1175.42,182,38.983031,-76.90114270000001
130,JEWEL CAVE NM,217,"137,275",0.04%,SD,MW,1273.51,0.0,0.0,1273.51,0.0,0.0,0.0,1273.51,34,43.7303594,-103.8290512
131,CORONADO NMEM,218,"136,075",0.04%,AZ,IM,4827.19,0.0,1.03,4828.22,0.0,2.0,2.0,4830.22,222,31.3458652,-110.25377549999999
132,DEVILS POSTPILE NM,219,"135,404",0.04%,CA,PW,800.19,0.0,0.0,800.19,0.0,0.0,0.0,800.19,66,37.625106200000005,-119.0849506
133,ANDERSONVILLE NHS,220,"134,216",0.04%,GA,SE,499.88,1.0,0.0,500.88,7.89,6.84,14.73,515.61,124,32.2002948,-84.1303207
134,MINUTEMAN MISSILE NHS,221,"133,895",0.04%,SD,MW,39.22,0.93,0.0,40.15,0.0,3.65,3.65,43.8,43,43.844547,-101.9011854
135,SCOTTS BLUFF NM,222,"130,085",0.04%,NE,MW,2953.94,0.27,0.0,2954.21,5.95,44.57,50.52,3004.73,121,41.8391527,-103.7115457
136,LAVA BEDS NM,225,"127,699",0.04%,CA,PW,46692.42,0.0,0.0,46692.42,0.0,0.0,0.0,46692.42,196,41.758837,-121.52666409999998
137,LINCOLN BOYHOOD NMEM,227,"125,562",0.04%,IN,MW,185.68,0.0,0.0,185.68,6.38,7.9,14.28,199.96,195,38.11391629999999,-86.99694140000001
138,PETROGLYPH NM,228,"124,177",0.04%,NM,IM,2936.37,0.0,0.0,2936.37,4160.95,111.98,4272.93,7209.3,215,35.13678170000001,-106.7405057
139,PISCATAWAY PARK,229,"123,381",0.04%,MD,NC,1918.85,2671.72,0.0,4590.57,0.0,35.8,35.8,4626.37,16,38.690893,-77.070737
140,PEA RIDGE NMP,230,"119,490",0.04%,AR,MW,4278.75,0.0,0.0,4278.75,17.83,3.77,21.6,4300.35,190,36.443765500000005,-94.025807
141,NINETY SIX NHS,231,"118,002",0.04%,SC,SE,1021.94,0.0,0.0,1021.94,0.0,0.0,0.0,1021.94,162,34.146721899999996,-82.0235684
142,GAULEY RIVER NRA,232,"115,888",0.04%,WV,NE,4473.2,61.67,43.36,4578.23,989.83,5998.4,6988.23,11566.46,24,38.208965500000005,-81.01473
143,CHRISTIANSTED NHS,233,"115,446",0.03%,VI,SE,26.24,0.0,0.0,26.24,0.91,0.0,0.91,27.15,98,17.7471645,-64.7021636
144,GENERAL GRANT NMEM,234,"109,151",0.03%,NY,NE,0.76,0.0,0.0,0.76,0.0,0.0,0.0,0.76,204,40.8134045,-73.9630671
145,MANZANAR NHS,236,"105,307",0.03%,CA,PW,813.81,0.0,0.0,813.81,0.0,0.0,0.0,813.81,30,36.72722879999999,-118.1527894
146,MANHATTAN PROJECT NHP,237,"104,715",0.03%,NM-TN-WA,IM,0.0,0.0,113.61,113.61,0.0,0.0,0.0,113.61,53,35.8825835,-106.30184750000001
147,TUZIGOOT NM,238,"104,604",0.03%,AZ,IM,366.42,15.11,0.0,381.53,0.0,430.36,430.36,811.89,109,34.768777899999996,-112.0268895
148,SARATOGA NHP,239,"102,808",0.03%,NY,NE,2911.13,2.04,0.0,2913.17,59.18,606.79,665.97,3579.14,180,43.01230820000001,-73.6488883
149,NATURAL BRIDGES NM,240,"101,843",0.03%,UT,IM,7620.49,16.0,0.0,7636.49,0.0,0.0,0.0,7636.49,17,37.604056,-110.0052043
150,STEAMTOWN NHS,241,"99,660",0.03%,PA,NE,51.29,0.0,0.0,51.29,10.55,0.64,11.19,62.48,4,41.40790579999999,-75.6720114
151,GRAND PORTAGE NM,242,"95,862",0.03%,MN,MW,709.97,0.0,0.0,709.97,0.0,0.0,0.0,709.97,31,47.9607126,-89.68658609999999
152,TIMPANOGOS CAVE NM,245,"91,261",0.03%,UT,IM,250.0,0.0,0.0,250.0,0.0,0.0,0.0,250.0,191,40.4405549,-111.7094462
153,MONOCACY NB,247,"87,547",0.03%,MD,NC,1354.87,195.37,0.0,1550.24,51.82,44.95,96.77,1647.01,179,39.3725838,-77.39898199999998
154,RAINBOW BRIDGE NM,248,"86,369",0.03%,UT,IM,160.0,0.0,0.0,160.0,0.0,0.0,0.0,160.0,65,37.0774203,-110.964382
155,HAMILTON GRANGE NMEM,249,"85,348",0.03%,NY,NE,0.11,0.93,0.0,1.04,0.0,0.71,0.71,1.75,228,40.8213537,-73.9473103
156,MOORES CREEK NB,250,"83,889",0.03%,NC,SE,85.35,2.4,0.0,87.75,0.0,0.0,0.0,87.75,55,34.457789700000006,-78.109585
157,HORSESHOE BEND NMP,251,"83,370",0.03%,AL,SE,2040.0,0.0,0.0,2040.0,0.0,0.0,0.0,2040.0,105,32.97832229999999,-85.73100759999998
158,CARL SANDBURG HOME NHS,252,"80,696",0.02%,NC,SE,263.52,0.0,0.0,263.52,0.0,0.13,0.13,263.65,142,35.2714108,-82.44724709999998
159,OREGON CAVES NM & PRES,253,"80,613",0.02%,OR,PW,4554.03,0.0,0.0,4554.03,0.0,0.0,0.0,4554.03,150,42.095462,-123.40428840000001
160,EFFIGY MOUNDS NM,255,"77,195",0.02%,IA,MW,2526.39,0.0,0.0,2526.39,0.0,0.0,0.0,2526.39,116,43.089214,-91.20064190000001
161,CASA GRANDE RUINS NM,256,"75,752",0.02%,AZ,IM,472.5,0.0,0.0,472.5,0.0,0.0,0.0,472.5,181,32.995458899999996,-111.53552820000002
162,DRY TORTUGAS NP,258,"73,661",0.02%,FL,SE,61481.22,0.0,0.0,61481.22,3220.0,0.0,3220.0,64701.22,76,24.628477,-82.87318739999998
163,FLORISSANT FOSSIL BEDS NM,259,"73,564",0.02%,CO,IM,5992.32,0.0,0.0,5992.32,5.77,0.0,5.77,5998.09,114,38.9136173,-105.28540759999998
164,KALAUPAPA NHP,260,"71,527",0.02%,HI,PW,22.88,0.0,0.0,22.88,10684.0,72.0,10756.0,10778.88,26,21.1924062,-156.9665093
165,WACO MAMMOTH NM,261,"69,510",0.02%,TX,IM,4.93,2.18,0.0,7.11,100.12,0.0,100.12,107.23,171,31.606733600000002,-97.1758392
166,PIPESTONE NM,263,"67,489",0.02%,MN,MW,281.78,0.0,0.0,281.78,0.0,0.0,0.0,281.78,197,44.01364909999999,-96.3247472
167,FREDERICK DOUGLASS NHS,264,"67,387",0.02%,DC,NC,8.57,0.0,0.0,8.57,0.0,0.0,0.0,8.57,123,38.8632895,-76.9851973
168,JIMMY CARTER NHS,266,"66,441",0.02%,GA,SE,36.81,8.81,1.92,47.54,0.0,24.67,24.67,72.21,60,32.0365107,-84.3925979
169,NAVAJO NM,267,"65,705",0.02%,AZ,IM,360.0,0.0,0.0,360.0,0.0,0.0,0.0,360.0,42,35.900012100000005,-109.0339832
170,ROGER WILLIAMS NMEM,268,"65,588",0.02%,RI,NE,4.56,0.0,0.0,4.56,0.0,0.0,0.0,4.56,224,41.831331799999994,-71.41074029999999
171,ELEANOR ROOSEVELT NHS,270,"63,480",0.02%,NY,NE,180.5,0.0,0.0,180.5,0.0,0.0,0.0,180.5,99,41.763138899999994,-73.89909759999998
172,CUMBERLAND ISLAND NS,271,"61,896",0.02%,GA,SE,18866.37,1.63,656.92,19524.92,13820.15,3001.76,16821.91,36346.83,38,30.8659411,-81.45052940000001
173,CAPULIN VOLCANO NM,274,"60,132",0.02%,NM,IM,792.84,0.0,0.0,792.84,0.0,0.0,0.0,792.84,146,36.7810744,-103.9695127
174,EL MORRO NM,276,"59,422",0.02%,NM,IM,1039.92,0.0,0.0,1039.92,0.0,238.8,238.8,1278.72,67,35.03963579999999,-108.3450813
175,HOPEWELL CULTURE NHP,278,"58,058",0.02%,OH,MW,1138.3,8.05,0.0,1146.35,0.11,619.7,619.81,1766.16,81,39.376106400000005,-83.00650970000001
176,THOMAS EDISON NHP,279,"57,694",0.02%,NJ,NE,21.25,0.0,0.0,21.25,0.0,0.0,0.0,21.25,189,40.783997799999995,-74.2340291
177,AZTEC RUINS NM,280,"57,692",0.02%,NM,IM,266.78,0.0,0.0,266.78,6.78,44.84,51.62,318.4,127,36.837208600000004,-108.00009299999999
178,EISENHOWER NHS,283,"55,550",0.02%,PA,NE,687.37,3.09,0.0,690.46,0.0,0.0,0.0,690.46,192,39.79391079999999,-77.26331590000001
179,HOPEWELL FURNACE NHS,284,"54,167",0.02%,PA,NE,848.06,0.0,0.0,848.06,0.0,0.0,0.0,848.06,156,40.209726700000004,-75.7691263
180,CHACO CULTURE NHP,285,"54,084",0.02%,NM,IM,32840.14,0.0,0.0,32840.14,0.0,1120.05,1120.05,33960.19,172,36.05299979999999,-107.955924
181,SAGAMORE HILL NHS,286,"53,920",0.02%,NY,NE,83.02,0.0,0.0,83.02,0.0,0.0,0.0,83.02,75,40.88552929999999,-73.5010296
182,CHARLES PINCKNEY NHS,287,"53,184",0.02%,SC,SE,28.45,0.0,0.0,28.45,0.0,0.0,0.0,28.45,184,32.8455749,-79.82395989999998
183,WOMEN'S RIGHTS NHP,288,"52,683",0.02%,NY,NE,7.03,0.09,0.0,7.12,0.1,0.22,0.32,7.44,32,42.910773,-76.800178
184,CHIRICAHUA NM,289,"51,277",0.02%,AZ,IM,11172.38,0.0,850.0,12022.38,0.0,2.35,2.35,12024.73,198,32.0135714,-109.3422953
185,WHITMAN MISSION NHS,290,"50,148",0.02%,WA,PW,138.53,0.0,0.0,138.53,0.0,0.0,0.0,138.53,79,46.04132509999999,-118.46391770000001
186,JOHN MUIR NHS,292,"49,376",0.01%,CA,PW,338.3,0.0,0.0,338.3,3.9,1.94,5.84,344.14,227,37.99216759999999,-122.13097040000001
187,PIPE SPRING NM,293,"46,710",0.01%,AZ,IM,40.0,0.0,0.0,40.0,0.0,0.0,0.0,40.0,158,36.862891299999994,-112.7397318
188,AFRICAN BURIAL GROUND NM,294,"46,526",0.01%,NY,NE,0.35,0.0,0.0,0.35,0.0,0.0,0.0,0.35,202,40.7145049,-74.0043973
189,ANDREW JOHNSON NHS,297,"45,937",0.01%,TN,SE,16.68,0.0,0.0,16.68,0.0,0.0,0.0,16.68,86,36.1627802,-82.8294485
190,LAKE CHELAN NRA,298,"45,514",0.01%,WA,PW,59337.22,11.83,0.0,59349.05,2210.44,386.78,2597.22,61946.27,80,48.352344,-120.68557709999999
191,TUMACACORI NHP,300,"43,829",0.01%,AZ,IM,357.74,0.0,0.0,357.74,0.64,1.94,2.58,360.32,149,31.56781969999999,-111.0510277
192,HOVENWEEP NM,301,"42,862",0.01%,CO-UT,IM,784.93,0.0,0.0,784.93,0.0,0.0,0.0,784.93,122,37.383762299999994,-109.0726022
193,BIG HOLE NB,303,"41,795",0.01%,MT,PW,655.61,0.0,0.0,655.61,0.0,320.0,320.0,975.61,151,45.6413441,-113.6434203
194,PECOS NHP,305,"39,715",0.01%,NM,IM,6405.68,0.0,0.0,6405.68,51.51,236.99,288.5,6694.18,155,35.549232399999994,-105.68844440000001
195,WEIR FARM NHS,306,"39,079",0.01%,CT,NE,68.05,0.0,0.0,68.05,0.0,6.15,6.15,74.2,147,41.2565181,-73.45640230000002
196,BUCK ISLAND REEF NM,307,"38,929",0.01%,VI,SE,880.0,0.0,18135.47,19015.47,0.0,0.0,0.0,19015.47,163,17.787094600000003,-64.62061059999999
197,TONTO NM,308,"38,048",0.01%,AZ,IM,1120.0,0.0,0.0,1120.0,0.0,0.0,0.0,1120.0,56,33.6452781,-111.1126846
198,FRIENDSHIP HILL NHS,309,"37,847",0.01%,PA,NE,661.44,0.0,0.0,661.44,0.0,13.12,13.12,674.56,199,39.777614899999996,-79.9314768
199,NEW ORLEANS JAZZ NHP,311,"35,514",0.01%,LA,SE,0.0,0.0,0.0,0.0,5.13,0.0,5.13,5.13,104,29.958455800000003,-90.06078959999998
200,HAMPTON NHS,312,"34,942",0.01%,MD,NE,62.04,0.0,0.0,62.04,0.0,0.0,0.0,62.04,183,39.416328899999996,-76.58763189999998
201,HARRY S TRUMAN NHS,313,"34,616",0.01%,MO,MW,12.59,0.0,0.0,12.59,0.0,0.0,0.0,12.59,225,39.093754,-94.4233898
202,ARKANSAS POST NMEM,314,"34,405",0.01%,AR,MW,649.91,0.0,14.0,663.91,0.0,93.6,93.6,757.51,49,34.0210974,-91.34788509999998
203,BLUESTONE NSR,315,"34,139",0.01%,WV,NE,3032.0,0.0,0.0,3032.0,1236.0,41.51,1277.51,4309.51,23,37.3981898,-81.167565
204,BENT'S OLD FORT NHS,317,"31,948",0.01%,CO,IM,735.6,0.0,0.0,735.6,7.4,55.8,63.2,798.8,200,38.0404268,-103.4295033
205,TUSKEGEE AIRMEN NHS,318,"31,133",0.01%,AL,SE,44.71,0.0,0.0,44.71,0.4,44.57,44.97,89.68,108,32.4572441,-85.680363
206,NORTH CASCADES NP,325,"28,646",0.01%,WA,PW,504654.18,0.0,0.0,504654.18,0.0,126.76,126.76,504780.94,47,48.7718174,-121.2984648
207,CANE RIVER CREOLE NHP,327,"26,863",0.01%,LA,SE,62.39,0.0,0.0,62.39,4.64,138.47,143.11,205.5,29,31.665269300000002,-93.00336379999999
208,ISLE ROYALE NP,330,"24,966",0.01%,MI,MW,539281.87,0.0,0.0,539281.87,32508.24,0.0,32508.24,571790.11,148,47.9958654,-88.9092899
209,RUSSELL CAVE NM,331,"24,649",0.01%,AL,SE,310.45,0.0,0.0,310.45,0.0,0.0,0.0,310.45,45,34.9764537,-85.81425709999998
210,GRANT-KOHRS RANCH NHS,333,"23,176",0.01%,MT,IM,1325.83,165.63,0.0,1491.46,69.47,57.45,126.92,1618.38,33,46.406069,-112.736682
211,SPRINGFIELD ARMORY NHS,334,"22,434",0.01%,MA,NE,20.32,0.28,0.0,20.6,34.33,0.0,34.33,54.93,39,42.1072695,-72.58157380000002
212,MARTIN VAN BUREN NHS,335,"22,100",0.01%,NY,NE,44.53,7.64,0.0,52.17,0.24,232.52,232.76,284.93,201,42.36978250000001,-73.70417420000001
213,FOSSIL BUTTE NM,338,"20,737",0.01%,WY,IM,8198.0,0.0,0.0,8198.0,0.0,0.0,0.0,8198.0,165,41.85818039999999,-110.76588670000001
214,AGATE FOSSIL BEDS NM,343,"15,555",0.00%,NE,MW,2270.33,459.75,0.0,2730.08,24.43,303.36,327.79,3057.87,10,42.425210299999996,-103.7342402
215,KOBUK VALLEY NP,344,"15,500",0.00%,AK,A,1714253.45,5.0,0.0,1714258.45,966.0,35491.71,36457.71,1750716.16,0,67.33561970000001,-159.1243161
216,CAPE KRUSENSTERN NM,345,"15,000",0.00%,AK,A,617157.16,10033.51,0.0,627190.67,353.0,21552.48,21905.48,649096.15,20,67.12805560000001,-163.74527780000003
217,EDGAR ALLAN POE NHS,346,"14,827",0.00%,PA,NE,0.52,0.0,0.0,0.52,0.0,0.0,0.0,0.52,91,39.962057,-75.14998100000001
218,KEWEENAW NHP,347,"14,612",0.00%,MI,MW,135.78,0.0,0.0,135.78,0.0,1733.62,1733.62,1869.4,19,47.242309399999996,-88.44810600000001
219,FIRST LADIES NHS,349,"13,378",0.00%,OH,MW,0.46,0.0,0.0,0.46,0.0,0.0,0.0,0.46,203,40.797618,-81.37534099999998
220,WASHITA BATTLEFIELD NHS,351,"12,312",0.00%,OK,IM,312.2,0.0,0.0,312.2,3.0,0.0,3.0,315.2,141,35.6199266,-99.70515470000001
221,SAUGUS IRON WORKS NHS,353,"11,159",0.00%,MA,NE,8.51,0.0,0.0,8.51,0.0,0.0,0.0,8.51,84,42.4679503,-71.00812719999998
222,THOMAS STONE NHS,354,"10,652",0.00%,MD,NE,328.25,0.0,0.0,328.25,0.0,0.0,0.0,328.25,130,38.530233,-77.0360161
223,FREDERICK LAW OLMSTED NHS,359,"8,935",0.00%,MA,NE,7.06,0.15,0.0,7.21,0.0,0.0,0.0,7.21,160,42.3254659,-71.1320319
224,TUSKEGEE INSTITUTE NHS,360,"8,452",0.00%,AL,SE,7.9,1.02,0.0,8.92,0.0,49.0,49.0,57.92,136,32.428134899999996,-85.7052446
225,SAND CREEK MASSACRE NHS,364,"6,847",0.00%,CO,IM,3025.43,0.0,0.0,3025.43,0.0,9557.91,9557.91,12583.34,210,38.5447972,-102.50380009999999
226,EUGENE O'NEILL NHS,366,"4,287",0.00%,CA,PW,13.19,0.0,0.0,13.19,0.0,0.0,0.0,13.19,131,37.825922600000006,-122.02727320000001
227,NICODEMUS NHS,367,"3,552",0.00%,KS,MW,0.22,1.42,0.0,1.64,12.93,2.95,15.88,17.52,170,39.39323419999999,-99.6147017
